-- phpMyAdmin SQL Dump
-- version 4.3.9
-- http://www.phpmyadmin.net
--
-- Host: localhost
-- Generation Time: Apr 28, 2017 at 01:09 PM
-- Server version: 5.6.22-cll-lve
-- PHP Version: 5.4.37

SET SQL_MODE = "NO_AUTO_VALUE_ON_ZERO";
SET time_zone = "+00:00";


/*!40101 SET @OLD_CHARACTER_SET_CLIENT=@@CHARACTER_SET_CLIENT */;
/*!40101 SET @OLD_CHARACTER_SET_RESULTS=@@CHARACTER_SET_RESULTS */;
/*!40101 SET @OLD_COLLATION_CONNECTION=@@COLLATION_CONNECTION */;
/*!40101 SET NAMES utf8 */;

--
-- Database: `chaichon_crane`
--

-- --------------------------------------------------------

--
-- Table structure for table `company`
--

CREATE TABLE IF NOT EXISTS `company` (
  `company_id` int(11) NOT NULL,
  `company_name` varchar(100) COLLATE utf8_unicode_ci NOT NULL,
  `company_owner` varchar(100) COLLATE utf8_unicode_ci NOT NULL,
  `company_address` varchar(200) COLLATE utf8_unicode_ci NOT NULL,
  `company_office_tel` varchar(40) COLLATE utf8_unicode_ci NOT NULL,
  `company_mobile` varchar(40) COLLATE utf8_unicode_ci NOT NULL,
  `company_fax` varchar(20) COLLATE utf8_unicode_ci NOT NULL,
  `company_email` varchar(50) COLLATE utf8_unicode_ci NOT NULL,
  `company_website` varchar(50) COLLATE utf8_unicode_ci NOT NULL,
  `company_lat` varchar(30) COLLATE utf8_unicode_ci NOT NULL,
  `company_lng` varchar(30) COLLATE utf8_unicode_ci NOT NULL,
  `province_id` int(11) NOT NULL,
  `update_at` datetime NOT NULL,
  `create_at` datetime NOT NULL
) ENGINE=InnoDB AUTO_INCREMENT=12 DEFAULT CHARSET=utf8 COLLATE=utf8_unicode_ci;

--
-- Dumping data for table `company`
--

INSERT INTO `company` (`company_id`, `company_name`, `company_owner`, `company_address`, `company_office_tel`, `company_mobile`, `company_fax`, `company_email`, `company_website`, `company_lat`, `company_lng`, `province_id`, `update_at`, `create_at`) VALUES
(1, 'บจก. กรุงเทพ เครน แอนด์ เซอร์วิส', 'คุณสุวรรณ เลิศสามารถ', '59 ถนนราษฏร์นิมิตร แขวงสามวาตะวันออก เขตคลองสามวา กรุงเทพฯ 10510', '02-9155812', '081-7359381, 081-8159580', '02-9155813', 'bangkokcrane@gmail.com', 'www.bangkokcrane.com', '', '', 1, '2017-04-25 20:54:15', '2017-04-25 20:54:15'),
(2, 'บจก.กรุงธนมอเตอร์เวิร์ค', 'คุณธัญนิชา เหล่าธนานุกูล', '391 ถ. สิรินธร แขวงบางบำหรุ เขตบางพลัด กรุงเทพฯ 10700', '02-8857591-3', '089-1121298, 086-7745394', '02-8857594', 'tannicha_lao@yahoo.com', 'www.ktm.co.th', '', '', 1, '2017-04-25 20:56:00', '2017-04-25 20:56:00'),
(3, 'บจก.ก้าวไกล เครน', 'คุณไกรสร ประทีปเมือง', '65/100 หมู่บ้านเอื้อสุข 2 ซ.ไมตรีจิต 3 ถ.ไมตรีจิต แขวงสามวาตะวันออก เขตคลองสามวา กรุงเทพฯ 10510', '02-1507164', '081-9452187, 081-8204392 ', '02-1507165', 'k.k.c.2012_@hotmail.co.th', '', '', '', 1, '2017-04-25 20:58:44', '2017-04-25 20:58:44'),
(4, 'บจก.คอนเฟอร์อินทรูชั่น', 'คุณเชฏฐกานต์ แสงชื่นถนอม (เฮียอ้วน)', '21 หมู่ 2 ถ. สุขาภิบาล 5 แขวงออเงิน เขตสายไหม กรุงเทพฯ 10220', '02-9924812-4', '081-8181030', '02-9924815', 'confer.intrusion@yahoo.co.th', '', '', '', 1, '2017-04-25 21:01:43', '2017-04-25 21:01:43'),
(5, 'บจก.เครน สเตชั่น', 'คุณนาวิน ตะพานแก้ว', '888 หมู่ที่ 6 ถ.บางนา-ตราด กม.16 ขาเข้า ต. บางโฉลง อ. บางพลี จ. สมุทรปราการ 10540', '02-3125117-8', '084-1462707', '02-7509330', 'crane.station.co@gmail.com', '', '', '', 1, '2017-04-25 21:01:43', '2017-04-25 21:01:43'),
(6, 'หจก.ซันสยาม', 'คุณประชุม เหรียญดียิ่ง', '325, 327, 329 ซอยพัฒนาการ 3 ถนนพัฒนาการ แขวงสวนหลวง เขตสวนหลวง กรุงเทพฯ 10250', '02-7198662-4', '081-8790603, 089-7176161', '02-7198173', '', '', '', '', 1, '2017-04-25 21:06:50', '2017-04-25 21:06:50'),
(7, 'บจก. ตรีทัช อีควิปเม้นท์', 'คุณอนุชา จินดาไทย', '335/2 ถ.ศรีนคริทนร์ แขวงหนองบอน เขตประทเวศ กรุงเทพฯ 10250', '02-3660453-8', '', '02-3660459', 'poungphet.tte@hotmail.com', '', '', '', 1, '2017-04-25 21:06:50', '2017-04-25 21:06:50'),
(8, 'บจก. ตังกวย ทรานสปอร์ต', 'คุณนิตภา พิมลนาถเกษรา', '3/180 หมู่ 5 ถ. พระราม 2 แขวงแสมดำ เขตบางขุนเทียน กรุงเทพฯ 10150', '02-4513692', '083-6876669, 095-1655752, 081-4829882', '02-8969636', 'tungguaycrane@hotmail.co.th', '', '', '', 1, '2017-04-25 21:18:39', '2017-04-25 21:18:39'),
(9, 'หจก.ที แอนด์ แอล เอ็นจิเนียริ่ง', 'คุณธนภพ ว่องธนวัฒน์', '646 ถ. พระรามที่ 2 แขวงแสมดำ เขตบางขุนเทียน กรุงเทพฯ 10150', '02-4513390-1, 02-4513394, 02-8964954-6', '081-5846554, 086-0006624', '02-4513394', 's.thaitractor@hotmail.com , www.thaitractor.com', '', '', '', 1, '2017-04-25 21:18:39', '2017-04-25 21:18:39'),
(10, 'บจก. ไทยมุ้ยเทดดิ้ง คอร์ปอเรชั่น', 'คุณพรชัย เชื้อทอง (ช่างตู่)', '35/2 หมู่ 2 ถ. ประชาสำราญ แขวงคลองสิบสอง เขตหนองจอก กรุงเทพฯ 10530', '02-5631374', '089-4582758, 081-9452453', '02-1935468', 'thongchaicrane@hotmail.com', '', '', '', 1, '2017-04-25 21:20:57', '2017-04-25 21:20:57'),
(11, 'หจก. พ.เดชา เครน เซอร์วิส', 'คุณเด่น พลเดชา', '1/2 หมู่ 3 แขวงสามวาตะวันออก เขตคลองสามวา กรุงเทพฯ 10510', '02-9931507', '086-0319191', '02-9931507', '', '', '', '', 1, '2017-04-25 21:20:57', '2017-04-25 21:20:57');

-- --------------------------------------------------------

--
-- Table structure for table `geography`
--

CREATE TABLE IF NOT EXISTS `geography` (
  `geography_id` int(5) NOT NULL,
  `geography_name` varchar(255) COLLATE utf8_unicode_ci NOT NULL
) ENGINE=InnoDB AUTO_INCREMENT=7 DEFAULT CHARSET=utf8 COLLATE=utf8_unicode_ci;

--
-- Dumping data for table `geography`
--

INSERT INTO `geography` (`geography_id`, `geography_name`) VALUES
(1, 'ภาคเหนือ'),
(2, 'ภาคกลาง'),
(3, 'ภาคตะวันออกเฉียงเหนือ'),
(4, 'ภาคตะวันตก'),
(5, 'ภาคตะวันออก'),
(6, 'ภาคใต้');

-- --------------------------------------------------------

--
-- Table structure for table `province`
--

CREATE TABLE IF NOT EXISTS `province` (
  `province_id` int(5) NOT NULL,
  `province_code` varchar(2) COLLATE utf8_unicode_ci NOT NULL,
  `province_name` varchar(150) COLLATE utf8_unicode_ci NOT NULL,
  `geography_id` int(5) NOT NULL DEFAULT '0',
  `province_lat` varchar(20) COLLATE utf8_unicode_ci NOT NULL,
  `province_lng` varchar(20) COLLATE utf8_unicode_ci NOT NULL
) ENGINE=InnoDB DEFAULT CHARSET=utf8 COLLATE=utf8_unicode_ci;

--
-- Dumping data for table `province`
--

INSERT INTO `province` (`province_id`, `province_code`, `province_name`, `geography_id`, `province_lat`, `province_lng`) VALUES
(1, '10', 'กรุงเทพมหานคร   ', 2, '13.7278956', '100.52412349999997'),
(2, '11', 'สมุทรปราการ   ', 2, '13.5990961', '100.59983190000003'),
(3, '12', 'นนทบุรี   ', 2, '13.8621125', '100.51435279999998'),
(4, '13', 'ปทุมธานี   ', 2, '14.0208391', '100.52502759999993'),
(5, '14', 'พระนครศรีอยุธยา   ', 2, '14.3532128', '100.56895989999998'),
(6, '15', 'อ่างทอง   ', 2, '14.5896054', '100.45505200000002'),
(7, '16', 'ลพบุรี   ', 2, '14.7995081', '100.65337060000002'),
(8, '17', 'สิงห์บุรี   ', 2, '14.8936253', '100.39673140000002'),
(9, '18', 'ชัยนาท   ', 2, '15.1851971', '100.12512500000003'),
(10, '19', 'สระบุรี', 2, '14.5289154', '100.91014210000003'),
(11, '20', 'ชลบุรี   ', 5, '13.3611431', '100.98467170000004'),
(12, '21', 'ระยอง   ', 5, '12.6833115', '101.23742949999996'),
(13, '22', 'จันทบุรี   ', 5, '12.61134', '102.10385459999998'),
(14, '23', 'ตราด   ', 5, '12.2427563', '102.51747339999997'),
(15, '24', 'ฉะเชิงเทรา   ', 5, '13.6904194', '101.07795959999999'),
(16, '25', 'ปราจีนบุรี   ', 5, '14.0509704', '101.37274389999993'),
(17, '26', 'นครนายก   ', 2, '14.2069466', '101.21305110000003'),
(18, '27', 'สระแก้ว   ', 5, '13.824038', '102.0645839'),
(19, '30', 'นครราชสีมา   ', 3, '14.97990', '102.09777'),
(20, '31', 'บุรีรัมย์   ', 3, '14.9930017', '103.10291910000001'),
(21, '32', 'สุรินทร์   ', 3, '14.882905', '103.49371070000007'),
(22, '33', 'ศรีสะเกษ   ', 3, '15.1186009', '104.32200949999992'),
(23, '34', 'อุบลราชธานี   ', 3, '15.2286861', '104.85642170000006'),
(24, '35', 'ยโสธร   ', 3, '15.792641', '104.14528270000005'),
(25, '36', 'ชัยภูมิ   ', 3, '15.8068173', '102.03150270000003'),
(26, '37', 'อำนาจเจริญ   ', 3, '15.8656783', '104.62577740000006'),
(27, '39', 'หนองบัวลำภู   ', 3, '17.2218247', '102.42603680000002'),
(28, '40', 'ขอนแก่น   ', 3, '16.4419355', '102.8359921'),
(29, '41', 'อุดรธานี   ', 3, '17.4138413', '102.78723250000007'),
(30, '42', 'เลย   ', 3, '17.4860232', '101.72230020000006'),
(31, '43', 'หนองคาย   ', 3, '17.8782803', '102.74126380000007'),
(32, '44', 'มหาสารคาม   ', 3, '16.1850896', '103.30264609999995'),
(33, '45', 'ร้อยเอ็ด   ', 3, '16.0538196', '103.65200359999994'),
(34, '46', 'กาฬสินธุ์   ', 3, '16.4314078', '103.5058755'),
(35, '47', 'สกลนคร   ', 3, '17.1545995', '104.1348365'),
(36, '48', 'นครพนม   ', 3, '17.392039', '104.76955079999993'),
(37, '49', 'มุกดาหาร   ', 3, '16.542443', '104.72091509999996'),
(38, '50', 'เชียงใหม่   ', 1, '18.7877477', '98.99313110000003'),
(39, '51', 'ลำพูน   ', 1, '18.5744606', '99.0087221'),
(40, '52', 'ลำปาง   ', 1, '18.2888404', '99.49087399999996'),
(41, '53', 'อุตรดิตถ์   ', 1, '17.6200886', '100.09929420000003'),
(42, '54', 'แพร่   ', 1, '18.1445774', '100.14028310000003'),
(43, '55', 'น่าน   ', 1, '18.7756318', '100.77304170000002'),
(44, '56', 'พะเยา   ', 1, '19.1664789', '99.9019419'),
(45, '57', 'เชียงราย   ', 1, '19.9071656', '99.83095500000002'),
(46, '58', 'แม่ฮ่องสอน   ', 1, '19.2990643', '97.96562259999996'),
(47, '60', 'นครสวรรค์   ', 2, '15.6930072', '100.12255949999997'),
(48, '61', 'อุทัยธานี   ', 2, '15.3835001', '100.02455269999996'),
(49, '62', 'กำแพงเพชร   ', 2, '16.4827798', '99.52266179999992'),
(50, '63', 'ตาก   ', 4, '16.8839901', '99.12584979999997'),
(51, '64', 'สุโขทัย   ', 2, '17.0055573', '99.82637120000004'),
(52, '65', 'พิษณุโลก   ', 2, '16.8298048', '100.26149150000003'),
(53, '66', 'พิจิตร   ', 2, '16.4429516', '100.34823289999997'),
(54, '67', 'เพชรบูรณ์   ', 2, '16.4189807', '101.15509259999999'),
(55, '70', 'ราชบุรี   ', 4, '13.5282893', '99.81342110000003'),
(56, '71', 'กาญจนบุรี   ', 4, '14.0227797', '99.53281149999998'),
(57, '72', 'สุพรรณบุรี   ', 2, '14.4744892', '100.11771279999994'),
(58, '73', 'นครปฐม   ', 2, '13.8199206', '100.06216760000007'),
(59, '74', 'สมุทรสาคร   ', 2, '13.5475216', '100.27439559999993'),
(60, '75', 'สมุทรสงคราม   ', 2, '13.4098217', '100.00226450000002'),
(61, '76', 'เพชรบุรี   ', 4, '13.1111601', '99.93913069999996'),
(62, '77', 'ประจวบคีรีขันธ์   ', 4, '11.812367', '99.79732709999996'),
(63, '80', 'นครศรีธรรมราช   ', 6, '8.4303975', '99.96312190000003'),
(64, '81', 'กระบี่   ', 6, '8.0862997', '98.90628349999997'),
(65, '82', 'พังงา   ', 6, '8.4407456', '98.51930319999997'),
(66, '83', 'ภูเก็ต   ', 6, '7.9810496', '98.36388239999997'),
(67, '84', 'สุราษฎร์ธานี   ', 6, '9.1382389', '99.32174829999997'),
(68, '85', 'ระนอง   ', 6, '9.9528702', '98.60846409999999'),
(69, '86', 'ชุมพร   ', 6, '10.4930496', '99.18001989999993'),
(70, '90', 'สงขลา   ', 6, '7.1756004', '100.61434699999995'),
(71, '91', 'สตูล   ', 6, '6.6238158', '100.06737440000006'),
(72, '92', 'ตรัง   ', 6, '7.5593851', '99.61100650000003'),
(73, '93', 'พัทลุง   ', 6, '7.6166823', '100.07402309999998'),
(74, '94', 'ปัตตานี   ', 6, '6.869484399999999', '101.25048259999994'),
(75, '95', 'ยะลา   ', 6, '6.541147', '101.28039469999999'),
(76, '96', 'นราธิวาส   ', 6, '6.4254607', '101.82531429999995'),
(77, '97', 'บึงกาฬ', 3, '18.3609104', '103.64644629999998');

--
-- Indexes for dumped tables
--

--
-- Indexes for table `company`
--
ALTER TABLE `company`
  ADD PRIMARY KEY (`company_id`), ADD KEY `fk_province_id` (`province_id`);

--
-- Indexes for table `geography`
--
ALTER TABLE `geography`
  ADD PRIMARY KEY (`geography_id`);

--
-- Indexes for table `province`
--
ALTER TABLE `province`
  ADD PRIMARY KEY (`province_id`), ADD KEY `geography_id` (`geography_id`);

--
-- AUTO_INCREMENT for dumped tables
--

--
-- AUTO_INCREMENT for table `company`
--
ALTER TABLE `company`
  MODIFY `company_id` int(11) NOT NULL AUTO_INCREMENT,AUTO_INCREMENT=12;
--
-- AUTO_INCREMENT for table `geography`
--
ALTER TABLE `geography`
  MODIFY `geography_id` int(5) NOT NULL AUTO_INCREMENT,AUTO_INCREMENT=7;
--
-- Constraints for dumped tables
--

--
-- Constraints for table `company`
--
ALTER TABLE `company`
ADD CONSTRAINT `fk_province_id` FOREIGN KEY (`province_id`) REFERENCES `province` (`province_id`);

--
-- Constraints for table `province`
--
ALTER TABLE `province`
ADD CONSTRAINT `fk_geography_id` FOREIGN KEY (`geography_id`) REFERENCES `geography` (`geography_id`);

/*!40101 SET CHARACTER_SET_CLIENT=@OLD_CHARACTER_SET_CLIENT */;
/*!40101 SET CHARACTER_SET_RESULTS=@OLD_CHARACTER_SET_RESULTS */;
/*!40101 SET COLLATION_CONNECTION=@OLD_COLLATION_CONNECTION */;
